Area,Bedrooms,Bathrooms,Floors,Parking,HouseAge,DistanceFromCity,Price
1360,2,2,2,3,0,21.74,366561.76
4272,3,4,3,3,33,35.07,513039.16
3592,1,1,1,3,28,39.83,206865.24
966,6,3,1,2,12,23.73,384537.53
4926,1,3,2,2,28,32.69,477657.83
3944,2,4,2,3,23,13.75,552568.34
3671,5,3,1,2,25,12.92,595613.77
3419,1,4,3,2,16,16.71,576746.09
630,1,3,2,0,6,27.23,102459.17
2185,6,2,1,0,12,27.61,436239.1
1269,6,1,2,2,4,13.29,522181.85
2891,3,2,3,3,25,6.2,541789.76
2933,6,1,1,1,2,25.66,630592.55
1684,4,1,2,3,6,6.0,500372.47
3885,2,1,3,1,0,23.56,577833.23
4617,2,2,2,3,16,28.04,539904.23
3404,5,1,3,0,24,28.32,525764.32
974,5,2,3,2,2,30.39,467442.52
1582,2,4,1,2,14,35.04,245108.23
3058,5,3,3,0,28,20.5,541020.18
2547,3,3,2,1,31,29.48,247162.2
3247,6,1,3,1,25,25.15,507646.18
1475,2,2,3,1,15,8.28,271579.63
2306,5,3,1,0,24,2.0,400252.5
689,2,2,3,1,27,12.1,171787.93
3234,4,2,3,0,8,18.28,588022.76
3505,1,1,2,3,0,25.07,582992.95
2399,6,3,1,3,28,34.15,388785.71
1767,2,1,1,0,21,8.65,136977.94
2028,1,1,1,2,15,5.9,209141.76
3702,5,3,3,3,6,38.58,708932.28
4056,1,3,1,1,13,5.21,632581.94
4390,6,4,3,0,28,19.66,690289.5
1146,2,4,3,1,18,23.84,345157.34
3388,4,2,2,1,18,22.11,474979.63
2935,5,3,2,2,1,4.36,829897.5
1100,2,4,2,1,14,3.22,321637.44
2863,6,2,2,2,2,5.11,775982.02
2561,5,2,2,3,10,23.84,509548.96
741,3,2,3,0,29,22.23,70850.35
2541,1,4,3,1,17,10.12,375405.7
3324,6,3,1,0,1,25.87,607451.15
3112,3,1,3,1,31,32.98,291519.93
1863,2,2,3,0,7,2.62,402688.84
1978,4,4,2,1,21,20.43,476427.43
3056,5,4,3,1,5,27.88,752321.09
1275,1,1,2,1,11,10.84,280671.61
4514,5,1,1,1,14,13.0,675635.85
534,2,4,1,1,27,24.93,15236.89
3652,5,3,3,1,17,36.02,476106.45
2455,1,1,1,1,1,32.59,254559.88
2085,2,4,3,1,12,23.74,405424.92
4443,5,1,1,1,14,29.48,626462.4
3573,4,3,2,0,19,15.23,568491.58
1521,6,2,2,2,28,26.0,321849.63
3961,2,1,2,1,28,19.18,254757.87
3113,6,3,2,2,2,8.41,848321.09
4343,2,4,3,1,18,28.37,624481.99
2000,4,1,1,1,2,22.7,472401.27
661,6,1,3,0,13,14.99,368806.9
4797,3,4,2,3,3,36.54,787403.15
2481,1,2,3,3,10,1.82,568867.1
1495,3,4,1,0,30,13.32,64933.29
3842,5,1,3,2,31,3.22,621192.57
4298,4,4,1,3,26,30.89,550019.5
1775,3,3,3,0,29,28.38,197373.91
1516,2,4,1,0,1,13.92,254385.36
837,5,1,1,3,8,27.35,360671.78
1378,5,4,2,2,27,16.44,354669.51
1576,3,2,1,0,30,30.49,62609.83
4493,3,4,2,1,33,18.71,567764.56
879,4,2,2,2,14,17.08,361204.49
992,1,3,2,2,24,37.45,-83307.51
2562,3,2,3,3,7,10.78,608156.06
4384,3,4,3,3,8,5.7,955888.91
564,6,1,3,1,31,23.8,170780.68
3068,2,2,3,0,16,38.8,278596.53
2527,6,3,1,3,34,15.74,427345.49
3195,6,2,1,3,18,3.42,677652.9
1995,5,2,3,2,28,14.23,388197.5
891,1,2,1,3,6,20.73,172629.44
4974,2,3,1,3,27,7.31,724742.37
4061,4,4,2,3,8,26.67,735101.76
2778,4,2,2,3,27,39.91,308426.3
3599,3,2,2,2,5,18.62,661769.03
700,3,1,2,1,28,14.83,62108.98
3604,4,3,1,1,16,16.63,509870.74
2954,3,2,3,0,15,5.49,533970.58
4145,1,3,1,3,22,35.45,394205.43
1304,6,2,1,2,30,17.18,329363.92
3231,3,4,1,0,2,16.1,552612.38
3273,5,4,2,0,20,26.73,598225.97
2070,3,2,2,1,25,18.24,267308.46
3190,2,4,2,2,21,26.28,378002.92
4340,1,2,3,2,11,3.4,630361.08
1528,2,4,1,2,12,32.74,330379.43
1002,2,1,3,1,10,37.68,118844.2
4993,5,1,2,1,15,26.3,779485.21
1370,1,1,3,1,7,38.23,56844.03
4988,1,3,1,1,1,6.91,892894.74
706,1,3,1,1,29,19.62,4282.23
1984,1,1,2,3,29,24.47,105957.99
1363,1,3,2,3,11,23.69,236801.71
3290,5,4,3,2,9,16.66,816229.91
1063,3,2,2,0,10,14.19,300469.08
4691,2,2,2,2,14,5.95,720296.46
2257,1,2,1,0,15,16.28,219983.94
2178,3,1,2,1,16,7.34,409713.35
3742,3,3,2,0,25,29.64,333754.82
1559,2,4,1,2,1,9.14,424816.26
2222,5,4,1,2,11,3.28,539896.81
3814,4,1,3,0,25,22.54,525209.62
3657,4,4,2,3,22,24.21,582999.3
3125,3,4,1,1,17,35.0,320421.1
3229,6,4,3,1,31,23.5,547290.67
2097,6,4,3,2,2,14.47,760757.81
3560,2,3,2,3,2,32.32,584338.58
3193,4,4,2,0,29,22.07,382152.17
4127,3,2,3,1,0,4.09,744546.57
1863,5,1,1,3,29,23.07,274906.64
2481,4,3,3,1,31,36.41,273631.59
2163,3,4,2,3,27,16.46,373355.96
2029,3,3,1,3,20,12.56,367695.74
2538,1,4,1,2,12,6.6,457063.28
3802,5,2,3,1,26,6.91,711037.33
2737,1,1,2,0,6,17.88,358365.46
1806,2,4,3,2,21,24.23,301546.87
4529,1,4,3,2,9,4.14,792018.18
3175,1,4,3,0,14,37.64,353838.15
1782,4,4,1,2,14,30.45,277462.33
1209,6,1,1,3,3,23.88,501277.31
4913,3,1,2,3,31,33.31,555181.94
4248,5,2,2,1,22,4.13,827526.7
1163,1,1,3,1,5,19.6,340584.97
2498,5,4,3,0,23,25.57,419108.99
3945,6,2,3,1,19,33.32,643030.0
4243,6,2,2,3,19,31.56,839936.98
1995,1,2,1,0,11,11.81,240322.47
3804,2,4,1,0,32,37.69,284240.55
4263,1,3,3,1,27,5.85,475253.5
2353,4,4,3,3,7,35.13,573224.43
1791,3,1,3,0,0,38.87,417167.02
4081,2,1,3,3,21,7.91,671501.29
3957,1,4,2,3,5,29.16,583540.77
2136,5,4,1,3,20,2.57,548654.18
4196,2,2,3,1,31,16.81,419924.99
3499,2,4,2,2,34,21.14,349621.84
3652,1,2,3,2,14,23.65,392479.4
1198,2,1,3,0,4,37.5,170019.02
2660,5,2,1,3,5,27.22,643605.53
4597,6,4,3,1,24,19.77,843561.6
1354,2,1,1,3,28,32.58,88891.95
3974,6,3,1,3,6,38.07,797192.47
2207,5,2,1,1,12,1.86,507199.6
3277,1,1,2,2,17,39.32,232664.67
2233,3,2,2,3,1,4.36,567100.77
4010,2,1,1,3,7,32.76,420546.9
702,3,1,3,2,10,11.93,296206.51
3755,5,2,1,1,32,6.16,393576.78
4718,2,3,3,0,26,18.15,606980.78
4996,6,1,1,2,19,26.11,740564.05
1266,4,1,3,0,11,15.86,358191.99
4889,3,1,2,0,30,3.13,643880.81
2827,2,3,3,2,26,24.38,379279.73
3431,3,3,1,3,31,36.19,419348.59
697,2,4,2,0,9,15.95,262987.29
2430,1,2,3,0,2,9.44,420543.66
4082,6,3,3,1,26,18.26,713654.45
1108,3,2,3,3,34,2.89,138445.45
3772,4,4,3,0,30,33.0,442530.48
1647,4,2,3,1,14,33.23,305440.18
4782,5,3,2,3,15,23.93,856503.68
3897,2,2,2,2,12,14.77,550271.95
3011,3,3,2,2,34,32.19,236056.8
2294,5,2,2,1,10,22.63,402753.4
1159,3,3,1,2,20,33.21,113209.12
3311,2,3,2,0,10,25.63,556712.59
1869,4,2,3,3,29,31.59,302885.35
2486,1,4,3,0,34,24.34,241598.97
646,4,1,2,0,21,17.15,88767.29
3719,5,4,3,2,30,38.36,475807.51
3411,6,2,2,0,13,22.1,573766.13
2234,1,4,3,2,23,24.6,296223.44
2343,5,3,1,3,31,9.6,340453.56
988,2,1,1,3,31,25.4,-61769.52
3476,1,2,2,0,14,23.29,349351.97
2459,5,2,2,1,34,8.21,330983.73
2885,2,2,2,2,2,3.32,497415.85
3419,4,1,3,2,15,24.57,581912.68
2302,6,3,2,0,4,30.78,562633.57
4561,2,2,1,2,20,21.41,569221.49
3869,3,4,3,2,9,9.84,727558.71
762,2,2,2,1,18,26.99,115486.14
1123,2,2,3,1,24,4.12,303625.21
1516,6,2,3,0,3,18.23,559880.74
4143,3,2,2,1,28,7.37,520813.19
2549,5,3,3,0,18,8.19,588184.03
4223,5,4,1,3,1,8.89,906420.63
3608,2,3,1,0,9,16.08,469345.82
4590,3,4,3,3,24,2.99,843013.02
2556,3,2,2,0,19,16.51,355217.48
3670,6,1,3,2,18,20.96,751854.78
2182,4,3,1,1,22,19.85,319468.85
2755,5,1,3,3,23,15.93,524891.27
1654,6,3,3,0,10,33.73,431504.45
4999,1,2,1,1,33,6.67,421520.83
3691,5,3,3,0,27,20.72,624041.24
2196,6,2,3,1,4,3.42,828705.58
4491,5,3,2,1,4,3.78,913908.64
2148,4,2,2,0,20,23.38,286835.2
1945,1,2,1,3,11,23.07,217783.83
4699,4,4,1,3,3,35.24,764693.34
4423,1,2,1,2,19,22.76,547449.18
753,2,4,2,1,24,38.43,-4714.03
3683,6,2,1,2,13,2.9,744196.66
3057,1,1,1,2,10,4.82,370722.29
598,4,2,1,0,31,2.72,124842.44
2700,5,1,2,0,10,8.23,559488.52
3461,1,1,3,0,17,22.11,311911.06
4933,6,2,1,1,26,26.18,633418.52
4277,1,1,3,0,17,2.78,639986.67
3369,3,4,1,0,22,37.89,350465.39
3734,5,3,3,1,10,33.84,688964.27
4291,6,2,2,1,20,12.57,762352.69
1456,6,1,2,3,4,4.01,677401.27
4567,2,2,1,0,22,7.63,481629.28
660,4,4,3,0,24,5.95,277630.22
4993,2,2,2,0,9,5.81,729661.74
1800,6,2,1,3,21,21.22,330841.21
4487,5,1,1,0,18,10.59,615682.92
2027,1,4,2,3,0,14.97,545723.74
1718,1,3,2,2,6,39.59,268220.67
4996,5,3,1,3,3,27.69,938923.34
3604,6,1,3,2,0,38.01,712975.49
3235,1,2,3,0,14,6.56,450115.24
1454,1,1,3,2,11,15.9,167576.73
3946,1,1,1,3,21,22.63,433966.73
1545,4,1,2,1,21,3.99,387282.61
2193,4,2,1,2,16,1.16,533556.05
3936,3,4,2,2,28,27.15,592774.56
1062,2,1,3,0,13,26.03,164395.43
2985,5,2,3,3,19,17.02,703944.09
3854,5,4,2,2,32,20.1,595956.27
725,5,1,2,2,14,17.2,210649.48
1459,3,3,1,2,11,1.94,450416.23
3567,4,4,3,2,19,14.08,605445.54
1315,6,1,1,1,29,7.91,289760.1
3620,6,4,1,3,2,4.84,976966.19
516,3,4,1,0,27,38.31,-19417.06
1743,6,4,3,0,25,24.38,541172.15
2705,5,4,1,1,29,29.42,282203.55
3024,2,4,1,3,12,13.3,531236.97
1569,1,4,1,2,12,16.33,271502.77
3944,4,1,1,1,1,10.24,641874.86
3065,4,3,1,3,1,4.78,683213.36
1560,3,2,1,2,25,7.98,205043.57
2827,4,4,3,1,10,32.1,508757.64
3920,5,2,1,3,7,27.42,696900.27
801,6,1,2,0,21,22.33,196321.75
4776,5,4,1,0,19,19.53,749365.42
1106,3,3,1,3,7,36.97,279341.52
3670,5,2,3,0,28,3.84,656288.95
1199,6,4,3,3,25,11.94,478673.69
1639,2,1,2,2,29,14.65,165653.78
690,3,3,2,3,16,31.51,244006.45
2800,2,2,3,2,19,39.71,337728.23
1480,1,2,3,1,15,10.39,353598.88
3475,2,4,1,3,6,35.1,577608.95
1684,1,3,3,1,15,33.39,286050.35
3827,1,3,2,0,26,9.76,297822.84
3894,2,3,1,2,22,16.57,493263.81
627,3,3,2,3,23,16.98,185143.37
2565,6,1,1,1,8,39.15,436801.01
2316,5,3,3,2,34,8.05,435422.03
1069,5,2,2,2,19,32.17,275239.97
2395,6,2,1,0,16,14.03,398832.18
3233,1,1,1,0,30,29.5,140631.84
4363,1,2,3,2,7,17.38,622074.44
4514,3,2,3,2,14,23.56,666860.7
3401,4,3,3,3,30,33.47,507695.09
2186,2,2,2,2,29,32.36,162458.89
3509,1,1,1,3,19,34.79,342826.05
654,5,3,3,2,11,3.33,435354.82
3037,3,4,2,0,16,27.99,442454.72
1909,2,3,2,3,29,6.46,354218.66
4557,3,1,2,1,28,17.22,539799.99
1284,2,3,3,0,18,22.39,229409.71
3675,2,3,3,3,10,16.71,717852.14
4841,6,1,1,3,33,21.26,635307.88
3306,1,3,1,1,6,39.86,323578.46
1037,3,1,3,3,33,6.27,232885.22
2341,3,1,2,2,19,27.34,294748.43
2955,6,4,2,1,23,16.44,669510.18
1024,5,2,2,0,9,6.19,428418.67
3450,5,2,1,0,31,7.19,448882.47
4631,1,3,2,2,14,38.02,540539.2
4615,1,3,1,0,19,35.3,360165.02
2868,4,4,1,3,2,36.37,628656.42
4347,6,4,2,3,7,39.67,772432.38
4995,5,4,2,2,22,9.12,938903.26
3201,2,1,3,0,10,14.86,495863.83
1471,3,4,3,0,7,27.1,366791.95
1666,1,4,2,2,28,19.87,214736.71
3274,3,3,1,1,29,17.32,404846.33
2482,3,4,1,0,9,14.95,527609.08
1353,4,1,1,1,27,24.16,186613.09
4646,5,1,1,0,12,23.45,681884.52
4236,1,3,1,0,31,7.3,360231.47
4269,3,4,3,0,25,19.4,578204.55
1074,1,4,2,0,21,22.59,94347.66
3761,2,1,3,3,3,23.24,690206.08
1648,4,4,1,1,30,9.19,273990.68
2215,2,4,1,1,17,29.95,246402.97
4354,1,4,1,0,23,1.98,630997.53
2991,1,2,1,0,22,14.84,253505.07
3160,5,3,2,1,21,31.43,467313.41
3624,3,2,1,3,1,22.99,675762.3
3551,3,3,2,2,30,11.19,497363.29
504,2,1,1,2,10,28.1,-9499.96
1376,4,4,2,1,27,23.13,310515.7
1491,6,3,3,0,31,32.05,243318.03
4642,3,2,1,0,4,29.67,628869.28
4864,5,4,2,3,9,24.79,909323.04
4965,2,1,3,2,23,20.04,623105.06
1135,2,3,1,3,34,6.19,28696.3
2193,6,3,1,2,22,11.19,494455.03
2182,5,3,1,1,16,17.34,508381.85
619,4,4,2,2,0,24.37,465702.28
1330,5,2,2,3,30,21.03,229885.48
4175,4,2,3,3,30,12.24,700829.91
1869,5,3,2,3,33,1.25,410958.51
1240,5,1,2,1,8,20.35,349323.39
616,1,1,1,2,21,12.14,-879.22
3338,2,2,1,2,12,29.65,411750.19
1650,5,1,1,3,24,1.93,441418.32
2431,6,2,1,2,17,23.81,499899.23
1512,5,3,1,0,11,37.72,278533.41
2164,3,2,1,0,16,7.8,391045.56
1581,2,2,1,0,14,19.39,140636.93
1012,3,3,3,2,14,4.57,392729.13
3349,2,1,3,1,14,25.4,487669.06
1059,3,2,3,1,12,22.47,300195.31
4172,5,2,3,1,16,16.89,719874.8
3843,5,3,1,1,31,21.33,435862.16
4570,1,1,3,0,8,35.97,520092.91
1970,6,2,1,0,19,8.66,362166.24
1080,3,3,3,3,25,1.88,344574.93
2794,4,2,2,2,26,34.6,403227.42
3647,1,4,3,2,20,23.51,529927.93
4749,3,3,3,1,17,35.74,538997.3
2179,3,1,1,0,12,24.28,274102.58
4006,1,1,3,1,15,32.6,406761.5
3244,5,1,2,3,8,17.76,607794.13
3856,3,1,1,2,11,30.24,510271.06
4545,5,2,1,2,18,36.61,593763.11
1743,1,2,3,1,6,23.31,275333.3
3618,5,1,1,3,34,8.05,523112.26
2641,2,1,1,2,17,11.48,312225.77
3559,4,1,1,3,15,8.75,613116.79
3459,3,2,1,3,3,10.63,633263.76
2765,6,1,1,1,24,12.95,443126.93
2979,4,1,1,0,31,22.65,315876.49
2135,5,4,2,1,12,23.93,570283.58
2257,3,4,3,0,16,17.63,359257.29
4952,5,1,2,3,5,25.0,901593.64
2570,2,3,1,0,18,4.18,443429.55
3349,1,1,1,3,12,4.42,556648.84
3751,3,4,3,2,25,7.7,677638.99
4230,2,3,2,2,13,21.21,564680.11
2989,2,3,3,2,30,9.35,463429.04
2131,3,1,2,1,3,12.05,413007.38
3316,5,4,1,1,7,16.61,676721.74
1515,6,4,3,3,24,32.66,460654.11
1848,2,3,3,2,12,1.54,437822.03
3587,4,1,1,1,31,26.33,288469.98
3339,2,2,3,2,27,27.09,402518.67
835,6,2,2,1,29,32.15,265811.21
1395,5,4,2,0,2,37.38,476661.72
4046,5,2,2,0,27,1.79,685929.31
1351,4,4,2,2,2,7.0,610079.27
2187,2,4,1,3,33,35.56,187525.97
2431,5,4,3,1,15,18.88,614815.01
4246,6,2,2,1,21,23.02,736350.89
2927,3,4,1,0,31,26.86,210521.85
2068,1,3,3,0,7,27.48,324734.26
4500,1,1,3,3,7,37.34,568252.59
3238,1,1,1,3,5,39.88,348105.14
3998,2,4,1,3,13,29.09,542241.39
4413,4,1,2,2,31,12.2,606584.39
1566,5,2,3,0,34,35.31,128473.6
4880,3,2,3,2,9,2.92,852307.25
2944,6,1,1,0,2,10.01,624536.0
4607,3,2,3,0,11,36.0,658037.33
3873,6,1,2,1,30,10.99,604223.82
4469,2,1,3,0,28,9.61,491188.38
3046,1,1,1,0,4,6.39,402898.52
1253,2,4,1,2,24,34.51,96004.03
2582,4,1,2,0,30,20.5,358448.75
3274,4,4,2,2,20,27.32,484453.98
3396,6,1,3,3,19,10.32,762695.5
4685,5,1,3,0,21,30.56,664993.12
1275,5,1,1,0,3,30.64,251651.73
2125,6,2,2,2,12,13.19,656393.66
3569,4,4,2,3,19,17.02,693144.02
917,4,4,2,1,12,9.18,367753.33
614,4,1,3,3,16,39.09,82259.33
1116,2,1,2,2,32,26.18,18477.34
4474,4,2,1,3,0,37.45,722392.72
3767,3,2,1,2,14,12.83,524354.35
1325,1,2,3,2,12,31.49,133369.28
2016,4,4,3,1,16,30.87,467995.49
3646,6,4,2,0,23,27.97,515885.25
912,1,4,3,2,7,38.66,215854.14
1228,2,1,1,2,26,16.35,68238.15
3848,6,4,2,1,22,6.1,805117.74
3308,1,3,1,2,7,27.2,420244.75
1175,6,3,2,0,7,29.44,422463.75
3965,2,2,3,1,25,23.43,426511.26
3004,3,4,2,0,12,9.07,566669.75
3467,2,3,2,0,27,20.67,391144.19
3286,2,2,1,1,24,13.18,368963.59
1622,6,4,1,2,15,17.67,515305.34
4579,5,1,2,0,1,26.16,724283.94
2071,4,3,3,0,17,30.06,342686.27
2643,4,1,3,0,16,10.06,460193.01
2187,3,4,1,0,29,16.81,242565.51
4632,3,3,3,1,12,11.5,855269.14
4351,4,4,1,1,31,8.75,597661.06
3940,5,1,3,3,28,31.55,508872.03
4266,4,3,2,3,29,36.46,569702.28
2826,5,1,1,0,17,15.44,513252.17
3414,3,4,1,2,12,30.3,459119.41
4452,1,4,2,0,20,35.98,542980.54
1095,6,1,1,2,29,34.0,170158.83
1228,3,3,3,0,20,8.13,358404.54
1865,3,1,3,3,16,38.3,352653.58
4992,2,4,1,3,18,15.69,760220.88
1198,2,1,3,2,14,14.23,255083.22
895,2,4,1,0,8,3.43,347134.91
4671,6,1,2,2,9,19.96,861449.99
4860,2,3,1,3,30,5.25,676474.24
3002,5,3,2,0,22,10.69,610783.77
2319,4,1,3,0,29,13.36,274935.17
1217,1,1,2,2,32,32.54,-22944.94
3282,3,3,3,1,8,35.14,530045.4
4077,5,4,1,2,0,12.8,892149.53
643,1,3,3,3,34,34.49,-25935.36
3640,5,4,1,3,10,34.43,673998.51
4991,5,1,1,3,33,30.82,651996.27
3438,3,1,2,3,15,6.72,525637.62
4136,4,4,2,3,8,27.92,681602.83
3722,2,1,2,1,31,37.86,147675.5
1667,6,4,2,0,14,27.62,503397.21
3116,4,2,3,2,11,13.93,607598.13
1562,6,3,3,2,32,20.52,395449.32
2656,3,2,3,3,13,26.18,483084.14
3482,3,4,1,2,7,20.91,572971.24
3794,3,3,3,3,7,5.68,848453.86
1656,1,4,3,1,26,13.17,233496.85
1232,6,3,3,1,11,32.29,421503.25
4830,4,3,2,0,0,34.6,788243.57
1453,4,3,3,1,10,6.35,533648.6
3039,5,3,1,1,30,38.14,291031.19
3824,5,4,2,0,16,13.82,755425.92
3801,5,3,1,2,32,26.83,568462.68
2042,3,3,3,3,31,30.32,209133.88
1691,4,2,2,3,28,32.67,244484.95
3493,6,1,1,2,20,37.88,474513.89
3181,3,1,3,0,20,13.2,490681.53
1717,1,2,1,2,22,34.48,-3192.96
2040,5,2,1,1,5,6.14,630546.91
3736,3,4,1,0,21,28.5,367425.26
2886,3,4,3,0,7,29.94,518405.95
4219,1,4,3,0,34,27.43,408844.8
1888,2,2,1,3,10,10.84,333043.16
2356,4,2,2,2,23,35.05,271299.92
1865,6,3,2,0,20,7.59,506961.78
999,2,4,3,0,1,3.09,440318.0
2180,5,4,3,0,18,28.98,462996.91
1010,3,4,3,2,27,19.54,290434.43
4812,1,1,3,3,16,34.11,534166.37
1824,1,3,3,1,5,15.95,400109.63
1655,4,4,2,3,18,7.56,466469.86
2327,2,4,3,0,27,33.62,192673.53
3641,4,4,1,3,1,22.41,737632.07
3986,3,1,1,3,3,8.38,682481.74
2310,4,1,2,1,21,29.09,276309.81
3423,6,2,1,2,25,20.93,614376.37
2714,1,3,2,2,12,24.57,364124.83
4686,1,2,2,3,31,18.98,451274.67
1213,5,3,1,3,16,33.32,307363.94
4102,5,1,3,2,18,33.35,636701.4
4634,3,4,1,2,34,28.67,441385.94
4022,6,2,1,1,27,5.11,651169.69
4768,2,4,2,0,0,33.72,686625.78
1743,4,2,1,3,17,27.17,303702.79
4209,3,1,2,2,32,28.18,454456.42
1581,5,1,3,3,11,15.16,507753.59
955,4,1,3,3,7,35.29,368546.87
1394,5,2,3,2,23,29.29,316246.98
1884,4,3,1,1,15,5.39,522934.36
2458,2,2,2,3,3,16.9,478421.25
3572,3,3,3,1,26,35.57,389311.88
2496,4,2,2,2,8,2.84,638685.13
4785,6,2,2,0,15,38.5,769904.1
1004,1,1,3,0,11,27.49,26089.83
1714,6,4,3,3,30,25.62,442730.47
2031,6,4,2,2,23,11.55,521430.9
3940,1,3,3,1,13,10.7,607442.55
1323,6,4,2,3,24,37.74,353560.9
1428,4,2,2,2,33,12.63,301479.06
633,4,2,3,2,2,31.24,328339.76
2605,4,1,1,1,23,16.33,410689.2
4127,1,1,3,3,8,6.43,658334.98
2352,6,4,1,2,25,1.42,631464.09
4675,1,3,2,2,19,22.23,579283.15
3433,4,4,2,2,9,39.06,681154.27
3784,6,4,1,1,18,15.4,644229.26
4798,6,4,2,3,2,14.93,1001917.11
3311,5,4,1,3,23,14.42,717801.11
1750,5,2,1,3,4,21.3,459836.75
4012,2,3,2,3,2,18.19,685999.83
1756,3,2,1,0,26,35.32,32333.82
3876,5,3,3,0,15,20.72,758942.3
3986,1,1,3,3,14,20.8,474647.12
4084,5,4,2,1,34,6.4,662202.52
1896,2,2,2,0,11,39.33,169588.91
4137,6,3,1,2,25,10.75,774515.78
3830,2,1,1,0,33,3.86,318115.87
3203,6,1,1,2,22,26.86,514823.63
970,6,4,1,3,30,24.22,231739.19
1853,3,3,3,0,19,17.19,458107.05
3283,5,2,3,1,11,17.47,661630.38
3331,1,4,2,0,22,31.62,316058.17
857,1,2,1,0,3,8.63,268427.72
3519,4,1,1,0,22,32.99,321996.36
1167,6,2,2,3,0,26.3,606909.12
4968,1,2,1,1,24,17.34,471886.44
1645,3,4,1,0,1,18.86,438684.91
4685,6,2,1,1,29,11.01,671515.92
4219,3,4,1,3,2,30.33,655828.18
3245,1,1,1,2,20,21.0,315129.72
1039,1,4,2,0,24,13.51,147125.17
3279,4,4,1,1,19,24.25,439435.71
4636,1,3,2,1,21,39.83,418817.08
4275,6,2,1,3,20,17.98,798137.95
3008,6,1,3,0,32,36.91,400415.95
3279,6,4,3,2,14,14.46,779419.25
1424,4,1,3,1,14,3.13,388353.71
3456,4,3,3,0,24,8.97,685282.22
2081,1,2,2,2,20,17.33,170723.4
3824,2,4,2,1,23,9.57,549070.07
4985,2,2,1,1,4,1.01,712915.16
755,4,3,3,2,5,36.69,392890.73
2338,1,3,2,2,22,33.91,204653.82
2444,2,1,1,3,3,29.95,373438.7
509,1,4,1,0,26,7.54,163824.62
3371,1,1,2,0,17,5.69,370396.37
1297,1,3,3,3,20,3.64,399868.8
1515,5,2,1,1,27,29.24,175063.4
2324,6,1,3,2,34,37.22,309104.38
4969,1,1,3,2,21,17.79,721238.76
3636,5,2,3,2,22,5.65,704015.48
2693,4,1,1,1,2,20.98,428541.43
723,2,2,3,2,9,14.6,285855.94
4658,6,4,1,2,24,15.62,790223.16
4425,2,2,3,3,7,25.23,722204.79
4500,6,4,1,1,10,29.03,793170.11
2133,2,2,3,0,4,5.31,588187.23
2652,6,3,2,3,28,2.39,655126.79
1010,2,3,3,3,4,39.78,221551.77
884,2,4,3,0,8,10.08,337907.34
904,2,4,1,3,1,3.1,379998.51
2500,2,3,1,1,0,8.41,500564.31
3256,4,4,3,2,29,2.52,590597.96
2168,1,2,2,1,10,16.28,419115.93
1960,3,2,2,0,27,32.29,113180.77
4136,5,3,1,0,11,14.31,751148.22
3224,3,1,2,3,25,18.32,414106.03
4678,3,2,3,1,12,27.35,625689.34
2548,6,4,1,1,7,20.85,640392.47
4646,1,1,3,0,27,34.6,388554.59
1216,6,1,1,1,29,34.78,162951.33
2323,1,2,1,0,8,1.39,226699.04
2581,1,2,1,1,30,31.34,26277.71
3919,2,1,1,1,20,18.97,458307.74
2074,4,1,2,1,33,39.56,75899.65
749,2,3,3,0,30,19.85,70777.2
1173,4,4,3,3,24,39.49,203408.77
2665,6,3,3,1,11,30.43,651230.06
1270,4,2,1,0,0,10.7,445463.48
4462,6,3,2,0,21,22.0,764035.5
4863,3,3,3,1,0,39.69,821737.84
2484,3,3,2,1,0,34.44,549075.01
1577,4,3,1,3,20,4.8,351536.29
735,4,4,3,0,14,28.55,234016.4
888,6,4,2,0,16,14.48,451037.18
3537,2,1,1,2,21,1.27,526600.99
2348,6,2,2,0,34,16.74,332342.85
3314,2,3,3,3,15,10.16,574685.7
3874,3,1,3,2,7,32.94,561569.33
3778,1,1,1,2,16,14.16,344305.25
1752,4,1,1,2,16,33.27,172319.44
4481,2,4,1,1,25,1.02,555255.37
2622,6,3,2,1,12,13.0,633935.08
2650,3,3,2,0,16,10.41,471491.83
1829,2,2,2,2,16,10.11,352603.64
1858,6,3,1,3,13,3.66,580231.89
2982,4,3,3,1,5,8.3,687140.64
2517,4,1,3,3,34,22.67,347873.07
1831,5,2,2,3,13,12.36,444119.27
4844,1,3,2,1,7,17.28,731852.03
4761,5,4,3,1,14,15.7,960089.26
1858,3,3,3,1,26,35.16,192880.97
3677,2,1,2,1,12,36.31,378768.19
2628,3,4,2,2,30,20.23,436375.61
2680,6,1,3,2,34,13.88,474047.42
637,4,3,1,2,5,5.17,420002.27
3972,5,4,2,2,4,38.18,749124.73
3332,5,2,3,0,21,3.35,722905.37
4079,5,2,3,2,22,12.61,754933.98
3531,3,4,3,1,24,12.62,611002.79
4664,4,4,3,3,33,13.5,771495.33
3093,2,1,1,2,25,7.41,326354.31
4800,6,4,3,0,4,31.54,903138.04
4318,2,1,2,1,25,5.78,562722.28
4638,3,3,1,3,19,25.76,637080.64
4323,6,1,3,3,5,5.83,915729.45
4542,5,4,1,2,5,3.75,1039945.22
2406,1,4,2,3,17,36.47,344273.59
1260,3,3,3,2,3,8.42,496981.32
3945,3,4,2,2,16,33.03,566574.95
1399,4,4,3,1,13,22.24,427613.79
4955,2,2,3,1,13,4.04,801276.0
3447,3,2,3,0,12,38.26,354689.96
2219,3,3,3,1,6,10.63,655747.49
780,5,1,3,1,14,34.53,194455.78
3766,5,2,1,2,18,7.58,669924.72
2387,6,1,3,1,34,34.3,319683.34
3766,1,4,3,2,16,1.52,756162.51
1166,4,2,1,2,34,20.96,108713.81
4688,1,3,1,1,18,31.01,547935.36
1171,6,3,1,0,19,37.46,251556.37
2469,5,3,1,0,34,36.46,173885.76
4656,2,2,1,3,31,32.97,427605.37
3622,5,1,1,3,23,35.64,461514.56
4400,4,4,3,1,16,8.77,766946.48
1023,5,1,3,0,6,12.08,432246.14
2893,4,1,2,2,0,12.27,646915.14
3617,4,4,3,3,34,15.71,626311.09
3093,4,4,3,2,31,16.34,541127.64
2468,6,2,1,3,12,22.24,531404.86
2253,4,2,1,1,5,7.24,557576.7
2796,4,2,3,0,13,27.96,440500.09
2761,2,2,2,3,14,7.54,341636.47
2786,1,2,1,0,3,13.1,401252.65
4702,3,4,3,2,15,20.63,753386.31
3378,1,1,3,1,27,32.06,273166.53
4643,4,2,2,0,15,29.84,727903.59
4144,2,2,2,1,3,26.18,708766.98
4932,5,1,1,0,25,7.08,668183.85
2555,2,2,2,2,27,22.33,227624.24
1776,4,1,3,2,31,4.41,372304.16
3266,2,1,3,1,1,15.72,561808.72
802,2,4,2,2,30,17.13,140178.83
1138,4,3,2,3,2,2.55,519766.96
555,6,4,2,0,7,11.69,464684.62
1025,2,3,2,2,23,38.27,27051.29
4623,3,3,1,3,14,38.19,666022.67
2625,3,3,2,1,30,14.74,316801.12
3787,2,2,1,3,8,2.68,685095.13
864,6,4,3,1,1,7.98,557541.64
2146,5,3,2,1,7,16.3,604078.69
1418,4,1,1,0,6,37.96,154040.8
3297,3,2,2,0,15,6.51,546148.84
2031,5,4,3,3,34,30.78,433980.05
3845,2,3,3,0,29,5.24,503200.86
2406,5,1,3,0,9,39.27,368911.65
3586,1,4,2,0,17,15.88,489760.63
2575,3,4,2,3,4,31.23,503800.93
1213,2,2,1,2,28,14.36,79547.72
1562,4,4,3,0,33,25.48,249313.13
2476,6,2,2,0,22,8.49,586703.8
1796,2,3,3,3,4,6.69,536397.67
625,4,2,3,2,29,37.58,86242.88
4096,6,1,1,0,5,36.79,674445.64
3783,6,2,1,1,3,35.61,679428.59
2103,2,1,1,3,28,25.39,178186.51
566,5,2,1,0,22,32.52,133246.68
732,5,4,3,0,5,3.69,503003.14
2656,6,3,1,1,31,14.06,291669.47
1669,5,1,1,1,17,13.23,302233.65
2658,1,2,1,3,14,25.79,363444.1
4706,6,2,1,3,31,14.88,715631.76
1993,6,2,3,1,8,6.79,629253.49
4507,4,4,1,3,9,24.26,840879.25
2972,5,4,3,1,19,32.76,550773.75
3160,6,1,2,0,5,15.9,565073.34
3239,1,1,3,1,2,6.16,491614.9
2261,4,4,3,1,10,8.67,633902.4
4014,2,1,1,2,16,10.26,519035.45
2475,6,3,2,1,31,12.7,553232.82
2862,1,3,2,1,3,26.07,397426.57
1376,3,4,2,2,3,24.44,403444.96
4312,1,1,2,3,16,28.15,439464.85
3948,1,2,3,2,18,15.14,508030.29
1812,4,3,2,0,4,33.14,295144.8
1960,2,4,3,2,31,8.96,313115.77
3209,3,1,3,0,21,19.29,418036.56
2824,5,4,3,3,5,32.24,695863.46
2233,5,2,2,2,34,8.03,503287.66
2105,1,3,1,2,21,5.28,379874.23
3063,4,4,1,3,0,35.46,587715.03
3921,4,4,2,0,19,14.37,544473.17
4017,5,4,1,2,21,27.67,630729.98
2897,3,2,1,0,10,1.99,526515.51
4235,2,4,3,2,12,27.91,619625.8
3370,3,2,3,1,2,13.33,636201.22
1660,6,2,2,2,8,3.17,688477.75
742,6,2,2,3,11,24.78,379262.42
3090,2,3,1,3,22,10.39,480962.51
1563,5,3,3,0,13,16.09,416594.72
4824,2,4,2,2,32,4.14,649332.98
3095,4,4,2,0,17,6.74,584883.08
1419,6,3,2,0,8,12.62,479411.34
505,1,1,2,1,22,4.5,104865.02
967,1,3,2,1,9,36.52,36996.15
4670,5,2,2,3,18,1.24,890202.84
503,4,3,1,0,4,19.87,241253.92
1145,3,2,3,3,22,5.81,358091.22
617,4,4,3,2,29,13.0,249961.17
3428,1,1,2,0,24,37.12,237119.65
3051,1,4,3,0,27,7.31,356584.87
4789,6,2,3,2,33,38.67,705207.66
1346,4,2,3,2,24,9.03,352929.87
3262,4,2,2,3,9,29.92,518414.87
1641,1,1,2,3,13,22.32,250330.77
2310,3,3,3,2,29,35.49,267807.51
1223,5,4,3,3,24,22.61,321318.1
724,5,4,2,2,13,21.85,390253.4
4708,4,3,1,0,34,8.62,630189.79
2548,5,4,3,0,33,7.48,558466.79
4915,1,1,1,1,9,36.74,460182.41
2073,1,4,3,0,34,13.79,205075.9
2328,4,2,1,2,10,15.51,474336.82
2417,4,3,1,3,10,30.63,536380.13
4734,6,1,1,1,20,14.21,691505.57
2526,4,3,2,3,20,38.13,374237.03
4244,3,1,1,2,21,29.78,420643.98
1401,5,2,1,0,6,24.3,276162.47
2539,4,3,1,1,16,35.35,367319.36
509,2,4,3,2,1,2.93,508494.92
760,6,1,1,1,11,11.03,333125.78
2173,2,3,3,1,17,19.14,319965.17
2719,1,4,1,0,10,9.85,416372.99
2560,5,3,1,2,15,30.01,496605.91
4213,4,3,2,3,17,36.85,622491.84
2119,2,3,3,1,34,17.53,299806.77
820,5,1,1,1,25,14.34,131081.91
1842,1,4,3,3,15,38.5,259191.52
2876,3,2,3,2,5,18.35,608169.4
3332,6,1,2,1,11,20.07,666138.19
3324,5,1,2,1,12,14.71,616691.4
2494,5,1,2,1,3,36.47,414009.0
3458,3,2,2,2,1,23.19,747910.57
2538,5,4,2,2,25,30.72,439161.5
3990,1,4,2,3,26,32.66,438013.38
4177,1,4,2,2,26,14.33,552428.05
1618,3,3,2,2,14,17.91,330784.73
2104,6,3,1,0,7,34.09,458876.32
4527,4,3,3,3,6,15.17,870530.49
735,2,2,2,1,11,31.96,126177.54
2469,4,3,2,2,12,37.7,417978.87
4929,5,2,3,1,16,25.31,805365.93
2408,2,4,1,1,16,29.92,244033.13
875,3,3,3,0,20,32.4,101554.18
4030,3,3,3,2,7,33.96,599542.97
3135,6,1,2,3,4,16.41,711623.5
2070,2,2,3,2,25,3.0,234723.79
3060,1,4,3,1,15,16.67,463494.99
3891,2,1,2,3,27,27.28,372807.99
3465,5,1,2,2,28,18.56,516545.55
4143,1,4,2,1,11,30.21,535340.39
4350,3,1,2,1,29,14.92,563253.99
1372,2,2,3,0,22,25.76,269555.51
1752,4,2,3,0,15,8.27,485766.95
1814,6,3,1,0,13,30.23,369874.62
3398,4,1,1,1,9,22.28,494690.46
577,6,3,3,2,6,8.96,579873.15
3121,5,1,1,0,28,12.38,324452.77
4727,4,2,3,2,2,30.2,814479.85
1100,2,2,1,0,14,19.82,108992.35
1565,2,2,2,3,18,9.43,340856.57
2636,4,1,1,3,12,38.72,402413.32
2949,2,2,2,0,20,28.89,252201.97
2843,5,1,2,1,26,38.33,305791.37
2363,1,3,2,0,28,17.66,213515.21
1818,5,1,2,0,19,19.53,288563.97
4097,6,3,1,1,24,36.02,634845.92
4262,5,1,3,3,5,21.48,869498.76
2690,6,3,2,2,1,28.58,700475.48
1492,2,2,1,0,21,10.83,176437.03
3212,1,3,2,1,31,18.42,266995.47
2692,2,2,1,0,15,5.81,342675.43
1748,3,2,1,1,17,9.03,282373.89
3554,2,3,1,2,4,1.04,694278.33
4533,6,1,3,2,29,2.53,809360.75
2497,2,1,1,3,18,39.11,183954.28
4187,2,4,1,1,22,10.45,596669.09
2651,1,1,3,1,33,26.87,136072.68
4518,2,4,3,3,12,33.72,657894.46
3610,1,1,1,3,28,22.48,304517.08
2470,4,1,3,1,21,6.97,417898.52
697,3,2,2,3,8,29.4,153278.81
3126,1,4,2,2,18,24.41,408814.77
1702,6,1,3,0,5,29.52,433769.31
2535,4,4,3,2,14,31.02,514392.28
977,1,2,1,3,19,39.04,-53296.65
1754,1,2,3,1,8,23.37,345076.61
1422,3,4,1,1,31,14.32,152965.36
919,6,2,2,2,3,26.29,423230.03
2704,5,3,3,1,17,3.67,674024.16
3097,5,3,1,3,4,36.0,545809.29
1620,1,2,1,2,19,5.66,141572.51
3568,2,3,2,1,22,13.79,497257.64
1450,6,1,3,0,10,32.81,357702.62
2836,4,4,2,0,21,24.3,405745.24
2743,2,1,1,3,3,16.35,498578.66
3145,2,4,1,1,28,19.46,300503.92
2357,6,2,3,3,33,34.33,388464.39
2365,1,1,1,2,12,14.26,241693.48
3412,1,2,3,0,8,34.92,416011.86
3353,1,2,2,2,30,4.44,446763.81
3728,1,4,3,1,6,31.3,464808.0
4219,5,4,3,3,3,34.05,882662.88
3728,1,4,1,3,18,8.09,590739.42
2871,5,1,1,3,29,17.78,397546.11
3391,5,3,3,2,30,7.45,583117.88
4256,1,4,1,0,34,28.56,326968.18
4725,3,4,1,2,20,21.88,707682.68
594,4,1,1,2,30,25.78,66906.11
3174,2,4,3,1,18,8.66,576875.47
2455,5,1,1,1,30,9.26,358195.69
1293,6,2,3,1,31,2.62,354109.37
2334,6,4,1,0,1,13.56,707542.25
2616,4,4,2,0,9,22.83,568267.84
4606,6,2,1,1,1,34.46,740517.08
3825,3,2,1,1,1,27.01,609173.99
3419,6,2,3,0,23,17.98,649021.19
3097,2,4,3,3,16,38.17,511895.69
3705,2,3,1,0,31,29.05,277600.52
1314,5,3,2,0,15,37.28,228401.62
845,1,3,1,0,15,21.58,28394.19
2849,3,4,1,1,30,11.1,331017.51
862,5,2,2,3,23,3.06,366586.97
2943,3,4,3,0,0,29.32,584215.73
2765,1,2,1,1,10,5.73,505401.82
2688,6,4,3,2,20,12.81,733243.86
3505,6,4,3,2,3,21.77,926227.4
3781,1,2,2,0,6,23.01,504237.62
1484,5,3,2,2,25,24.42,307614.12
2139,1,2,3,3,11,7.48,422510.5
1327,4,1,1,2,30,15.81,150996.54
3230,2,1,3,2,16,25.07,443661.66
4031,5,2,1,3,32,38.82,478078.49
4951,3,4,1,0,10,29.38,677255.43
3435,4,1,2,0,27,36.98,306770.08
4376,5,1,1,3,31,30.73,488764.22
626,1,4,1,3,0,24.08,170087.56
3677,1,4,3,3,27,8.49,611958.96
3556,1,3,2,2,6,27.0,623996.48
1103,1,4,1,3,1,25.31,342776.84
3949,3,2,1,1,23,24.5,379426.72
4646,4,2,2,2,3,20.1,862370.83
4033,6,3,3,0,18,21.62,793048.82
3867,2,1,2,0,25,14.04,383668.12
3868,3,1,2,0,10,21.25,562356.36
4297,3,4,1,2,10,8.7,729324.85
2292,6,2,1,1,2,32.4,598486.45
3361,6,1,3,3,11,8.25,817338.55
3976,2,3,1,3,2,4.31,698712.23
3917,2,3,1,0,26,18.01,435480.4
2145,6,2,2,0,1,26.67,608989.03
1705,1,3,1,2,15,18.07,234156.58
3530,3,3,3,1,1,11.79,765622.08
3372,5,2,2,3,29,22.77,520302.33
3572,2,4,3,2,19,14.53,537275.98
2354,2,4,2,3,27,37.38,246993.31
4521,6,3,1,0,24,36.98,621771.98
3208,4,4,2,3,31,20.59,502608.66
4002,5,4,2,1,9,13.79,854328.27
1832,5,3,1,1,32,29.75,200480.92
701,2,4,1,0,12,2.43,219640.46
4007,1,3,3,1,15,19.52,589796.0
4712,4,1,3,1,21,14.12,712932.63
1074,5,2,1,2,19,36.9,171793.92
1036,2,2,1,3,26,1.47,235660.27
2125,5,4,1,0,15,22.56,397763.21
2622,4,4,2,0,33,29.89,264842.55
885,4,4,2,0,31,19.92,17127.56
3781,3,2,2,0,25,4.33,494371.57
974,6,1,1,0,24,38.93,165665.83
917,6,1,3,1,1,21.2,367425.37
4100,2,2,1,2,11,24.95,481653.99
1454,4,1,2,0,8,10.23,391283.43
1705,3,2,2,2,11,19.86,245056.66
4620,3,1,1,2,25,17.74,510165.07
2490,5,3,1,1,8,3.92,677243.16
4072,5,3,2,0,9,5.14,913091.29
4880,3,2,2,1,31,33.66,498812.33
4658,5,1,2,0,33,10.35,556886.65
3213,4,4,1,1,19,8.6,527553.56
2703,1,1,2,2,1,20.69,430155.4
3620,4,3,2,0,0,30.98,663548.17
1466,3,3,3,3,23,3.42,502716.44
3932,3,1,1,2,26,23.5,464880.24
1188,4,1,3,3,1,5.65,535515.32
4743,5,4,3,2,30,2.42,840299.64
4201,5,4,2,1,13,3.06,1010555.59
841,6,1,1,0,1,33.53,326599.74
2224,3,1,2,2,28,5.6,291442.41
4922,2,1,1,1,14,2.76,648608.85
2292,6,1,3,0,11,18.08,502767.26
2259,5,2,1,0,27,33.92,115252.52
3712,4,1,2,2,19,11.23,612922.55
1489,5,4,2,0,23,17.45,446552.71
2762,4,3,2,2,20,2.56,497112.14
2982,6,2,1,0,9,18.51,596053.13
1451,3,1,3,3,13,23.53,292124.76
1222,5,3,3,1,17,23.27,405365.13
3889,4,2,1,3,23,13.96,579263.49
2579,3,3,2,2,13,13.31,440927.27
3217,2,1,3,3,33,5.16,372184.81
2832,4,1,2,2,11,15.31,493774.97
3876,6,4,1,0,21,4.88,799935.91
2000,2,1,2,0,5,30.9,320162.96
785,2,1,3,2,21,38.68,17232.61
3995,1,2,3,3,13,38.83,547640.17
2565,5,4,2,0,15,34.74,455440.81
1268,4,2,1,1,24,24.43,146676.86
3557,2,3,2,0,31,28.33,310045.89
4789,1,1,1,1,32,12.12,417321.26
2661,6,3,2,3,19,25.6,556547.76
3793,3,2,3,1,17,18.77,581403.29
1446,4,1,1,1,2,19.8,392886.13
3835,2,1,1,1,22,30.55,332926.98
4650,5,2,1,1,31,11.99,627189.15
1981,1,2,3,0,15,13.4,305429.01
2401,2,2,2,1,4,37.06,369155.3
3951,5,2,3,0,3,3.19,861039.21
4564,2,2,1,1,20,19.94,489270.95
554,4,1,2,2,13,36.6,148940.17
2323,4,2,3,3,30,24.8,290061.81
3962,4,1,1,1,13,22.31,544373.9
3579,6,1,1,2,5,10.74,632202.0
1332,6,2,3,1,11,14.39,421100.41
4908,1,2,3,1,15,34.23,461500.71
3306,4,4,3,1,16,22.81,672037.59
2990,5,1,1,2,22,21.07,448149.09
827,2,2,3,3,13,4.88,262737.55
3810,3,2,1,2,6,1.63,725603.3
3800,5,2,3,3,31,38.58,569532.72
4175,6,4,1,1,14,15.7,820924.28
3554,6,4,1,0,16,24.53,626394.49
2643,5,3,2,1,33,4.11,489234.33
1811,6,1,3,3,4,27.64,617194.83
3691,4,3,3,2,26,37.37,484607.71
3038,1,2,1,1,22,23.45,247803.35
4483,2,4,1,2,13,5.92,701500.35
664,1,4,1,2,14,23.69,28559.21
4777,2,3,2,2,32,30.89,528618.41
1322,2,4,2,1,30,16.85,262253.59
1443,1,2,1,2,34,35.31,-119079.73
4925,5,4,3,2,16,26.3,919634.01
1274,2,3,3,1,27,36.07,49430.31
2698,1,2,2,2,18,25.32,299799.39
3656,2,3,2,1,22,6.12,602520.61
4742,3,4,1,3,31,13.08,614618.05
4195,5,3,3,3,12,8.87,897315.68
3952,4,3,1,3,19,36.44,454964.85
1414,2,1,2,2,34,30.66,-28830.22
1808,3,4,3,0,4,27.38,342746.38
4677,4,4,3,0,8,12.74,894998.91
1013,4,3,2,2,28,8.18,318241.88
2420,2,1,1,0,5,30.5,256818.26
4094,1,4,1,1,24,19.49,451124.35
1909,2,2,3,0,30,9.81,203743.48
3690,3,3,2,2,21,25.05,556577.27
4991,4,4,3,2,1,2.57,1074543.1
2055,2,2,2,1,4,13.72,311716.83
1304,1,4,1,3,26,19.27,184129.04
1779,2,2,2,2,24,6.77,258152.86
4077,5,3,1,1,7,39.4,577721.03
3401,1,4,2,0,0,9.15,590423.3
1887,3,4,3,0,19,6.08,338936.52
3261,4,1,1,1,22,8.94,403125.53
3179,2,3,3,1,31,30.99,320677.48
2606,1,2,3,2,10,17.59,436105.58
4723,5,4,1,0,23,23.05,692831.94
3268,1,4,1,1,10,1.82,538220.49
